nodeId,dstNodeId,dstPortId,outPorts,metrics
0,1..63,0,0,4
0,1..63,1,1,4
0,1..63,2,2,4
0,1..63,3,3,4
0,1..63,4,4,4
0,1..63,5,5,4
0,1..63,6,6,4
0,1..63,7,7,4
0,1,8,8,1
0,2,8,9,1
0,3,8,10,1
0,4,8,11,1
0,5,8,12,1
0,6,8,13,1
0,7,8,14,1
1,0,0,0,4
1,0,1,1,4
1,0,2,2,4
1,0,3,3,4
1,0,4,4,4
1,0,5,5,4
1,0,6,6,4
1,0,7,7,4
1,0,8,8,1
1,2..63,0,0,4
1,2..63,1,1,4
1,2..63,2,2,4
1,2..63,3,3,4
1,2..63,4,4,4
1,2..63,5,5,4
1,2..63,6,6,4
1,2..63,7,7,4
1,2,9,9,1
1,3,9,10,1
1,4,9,11,1
1,5,9,12,1
1,6,9,13,1
1,7,9,14,1
2,0..1,0,0,4
2,0..1,1,1,4
2,0..1,2,2,4
2,0..1,3,3,4
2,0..1,4,4,4
2,0..1,5,5,4
2,0..1,6,6,4
2,0..1,7,7,4
2,0,9,8,1
2,1,9,9,1
2,3..63,0,0,4
2,3..63,1,1,4
2,3..63,2,2,4
2,3..63,3,3,4
2,3..63,4,4,4
2,3..63,5,5,4
2,3..63,6,6,4
2,3..63,7,7,4
2,3,10,10,1
2,4,10,11,1
2,5,10,12,1
2,6,10,13,1
2,7,10,14,1
3,0..2,0,0,4
3,0..2,1,1,4
3,0..2,2,2,4
3,0..2,3,3,4
3,0..2,4,4,4
3,0..2,5,5,4
3,0..2,6,6,4
3,0..2,7,7,4
3,0,10,8,1
3,1,10,9,1
3,2,10,10,1
3,4..63,0,0,4
3,4..63,1,1,4
3,4..63,2,2,4
3,4..63,3,3,4
3,4..63,4,4,4
3,4..63,5,5,4
3,4..63,6,6,4
3,4..63,7,7,4
3,4,11,11,1
3,5,11,12,1
3,6,11,13,1
3,7,11,14,1
4,0..3,0,0,4
4,0..3,1,1,4
4,0..3,2,2,4
4,0..3,3,3,4
4,0..3,4,4,4
4,0..3,5,5,4
4,0..3,6,6,4
4,0..3,7,7,4
4,0,11,8,1
4,1,11,9,1
4,2,11,10,1
4,3,11,11,1
4,5..63,0,0,4
4,5..63,1,1,4
4,5..63,2,2,4
4,5..63,3,3,4
4,5..63,4,4,4
4,5..63,5,5,4
4,5..63,6,6,4
4,5..63,7,7,4
4,5,12,12,1
4,6,12,13,1
4,7,12,14,1
5,0..4,0,0,4
5,0..4,1,1,4
5,0..4,2,2,4
5,0..4,3,3,4
5,0..4,4,4,4
5,0..4,5,5,4
5,0..4,6,6,4
5,0..4,7,7,4
5,0,12,8,1
5,1,12,9,1
5,2,12,10,1
5,3,12,11,1
5,4,12,12,1
5,6..63,0,0,4
5,6..63,1,1,4
5,6..63,2,2,4
5,6..63,3,3,4
5,6..63,4,4,4
5,6..63,5,5,4
5,6..63,6,6,4
5,6..63,7,7,4
5,6,13,13,1
5,7,13,14,1
6,0..5,0,0,4
6,0..5,1,1,4
6,0..5,2,2,4
6,0..5,3,3,4
6,0..5,4,4,4
6,0..5,5,5,4
6,0..5,6,6,4
6,0..5,7,7,4
6,0,13,8,1
6,1,13,9,1
6,2,13,10,1
6,3,13,11,1
6,4,13,12,1
6,5,13,13,1
6,7..63,0,0,4
6,7..63,1,1,4
6,7..63,2,2,4
6,7..63,3,3,4
6,7..63,4,4,4
6,7..63,5,5,4
6,7..63,6,6,4
6,7..63,7,7,4
6,7,14,14,1
7,0..6,0,0,4
7,0..6,1,1,4
7,0..6,2,2,4
7,0..6,3,3,4
7,0..6,4,4,4
7,0..6,5,5,4
7,0..6,6,6,4
7,0..6,7,7,4
7,0,14,8,1
7,1,14,9,1
7,2,14,10,1
7,3,14,11,1
7,4,14,12,1
7,5,14,13,1
7,6,14,14,1
7,8..63,0,0,4
7,8..63,1,1,4
7,8..63,2,2,4
7,8..63,3,3,4
7,8..63,4,4,4
7,8..63,5,5,4
7,8..63,6,6,4
7,8..63,7,7,4
8,0..7,0,0,4
8,0..7,1,1,4
8,0..7,2,2,4
8,0..7,3,3,4
8,0..7,4,4,4
8,0..7,5,5,4
8,0..7,6,6,4
8,0..7,7,7,4
8,9..63,0,0,4
8,9..63,1,1,4
8,9..63,2,2,4
8,9..63,3,3,4
8,9..63,4,4,4
8,9..63,5,5,4
8,9..63,6,6,4
8,9..63,7,7,4
8,9,8,8,1
8,10,8,9,1
8,11,8,10,1
8,12,8,11,1
8,13,8,12,1
8,14,8,13,1
8,15,8,14,1
9,0..8,0,0,4
9,0..8,1,1,4
9,0..8,2,2,4
9,0..8,3,3,4
9,0..8,4,4,4
9,0..8,5,5,4
9,0..8,6,6,4
9,0..8,7,7,4
9,8,8,8,1
9,10..63,0,0,4
9,10..63,1,1,4
9,10..63,2,2,4
9,10..63,3,3,4
9,10..63,4,4,4
9,10..63,5,5,4
9,10..63,6,6,4
9,10..63,7,7,4
9,10,9,9,1
9,11,9,10,1
9,12,9,11,1
9,13,9,12,1
9,14,9,13,1
9,15,9,14,1
10,0..9,0,0,4
10,0..9,1,1,4
10,0..9,2,2,4
10,0..9,3,3,4
10,0..9,4,4,4
10,0..9,5,5,4
10,0..9,6,6,4
10,0..9,7,7,4
10,8,9,8,1
10,9,9,9,1
10,11..63,0,0,4
10,11..63,1,1,4
10,11..63,2,2,4
10,11..63,3,3,4
10,11..63,4,4,4
10,11..63,5,5,4
10,11..63,6,6,4
10,11..63,7,7,4
10,11,10,10,1
10,12,10,11,1
10,13,10,12,1
10,14,10,13,1
10,15,10,14,1
11,0..10,0,0,4
11,0..10,1,1,4
11,0..10,2,2,4
11,0..10,3,3,4
11,0..10,4,4,4
11,0..10,5,5,4
11,0..10,6,6,4
11,0..10,7,7,4
11,8,10,8,1
11,9,10,9,1
11,10,10,10,1
11,12..63,0,0,4
11,12..63,1,1,4
11,12..63,2,2,4
11,12..63,3,3,4
11,12..63,4,4,4
11,12..63,5,5,4
11,12..63,6,6,4
11,12..63,7,7,4
11,12,11,11,1
11,13,11,12,1
11,14,11,13,1
11,15,11,14,1
12,0..11,0,0,4
12,0..11,1,1,4
12,0..11,2,2,4
12,0..11,3,3,4
12,0..11,4,4,4
12,0..11,5,5,4
12,0..11,6,6,4
12,0..11,7,7,4
12,8,11,8,1
12,9,11,9,1
12,10,11,10,1
12,11,11,11,1
12,13..63,0,0,4
12,13..63,1,1,4
12,13..63,2,2,4
12,13..63,3,3,4
12,13..63,4,4,4
12,13..63,5,5,4
12,13..63,6,6,4
12,13..63,7,7,4
12,13,12,12,1
12,14,12,13,1
12,15,12,14,1
13,0..12,0,0,4
13,0..12,1,1,4
13,0..12,2,2,4
13,0..12,3,3,4
13,0..12,4,4,4
13,0..12,5,5,4
13,0..12,6,6,4
13,0..12,7,7,4
13,8,12,8,1
13,9,12,9,1
13,10,12,10,1
13,11,12,11,1
13,12,12,12,1
13,14..63,0,0,4
13,14..63,1,1,4
13,14..63,2,2,4
13,14..63,3,3,4
13,14..63,4,4,4
13,14..63,5,5,4
13,14..63,6,6,4
13,14..63,7,7,4
13,14,13,13,1
13,15,13,14,1
14,0..13,0,0,4
14,0..13,1,1,4
14,0..13,2,2,4
14,0..13,3,3,4
14,0..13,4,4,4
14,0..13,5,5,4
14,0..13,6,6,4
14,0..13,7,7,4
14,8,13,8,1
14,9,13,9,1
14,10,13,10,1
14,11,13,11,1
14,12,13,12,1
14,13,13,13,1
14,15..63,0,0,4
14,15..63,1,1,4
14,15..63,2,2,4
14,15..63,3,3,4
14,15..63,4,4,4
14,15..63,5,5,4
14,15..63,6,6,4
14,15..63,7,7,4
14,15,14,14,1
15,0..14,0,0,4
15,0..14,1,1,4
15,0..14,2,2,4
15,0..14,3,3,4
15,0..14,4,4,4
15,0..14,5,5,4
15,0..14,6,6,4
15,0..14,7,7,4
15,8,14,8,1
15,9,14,9,1
15,10,14,10,1
15,11,14,11,1
15,12,14,12,1
15,13,14,13,1
15,14,14,14,1
15,16..63,0,0,4
15,16..63,1,1,4
15,16..63,2,2,4
15,16..63,3,3,4
15,16..63,4,4,4
15,16..63,5,5,4
15,16..63,6,6,4
15,16..63,7,7,4
16,0..15,0,0,4
16,0..15,1,1,4
16,0..15,2,2,4
16,0..15,3,3,4
16,0..15,4,4,4
16,0..15,5,5,4
16,0..15,6,6,4
16,0..15,7,7,4
16,17..63,0,0,4
16,17..63,1,1,4
16,17..63,2,2,4
16,17..63,3,3,4
16,17..63,4,4,4
16,17..63,5,5,4
16,17..63,6,6,4
16,17..63,7,7,4
16,17,8,8,1
16,18,8,9,1
16,19,8,10,1
16,20,8,11,1
16,21,8,12,1
16,22,8,13,1
16,23,8,14,1
17,0..16,0,0,4
17,0..16,1,1,4
17,0..16,2,2,4
17,0..16,3,3,4
17,0..16,4,4,4
17,0..16,5,5,4
17,0..16,6,6,4
17,0..16,7,7,4
17,16,8,8,1
17,18..63,0,0,4
17,18..63,1,1,4
17,18..63,2,2,4
17,18..63,3,3,4
17,18..63,4,4,4
17,18..63,5,5,4
17,18..63,6,6,4
17,18..63,7,7,4
17,18,9,9,1
17,19,9,10,1
17,20,9,11,1
17,21,9,12,1
17,22,9,13,1
17,23,9,14,1
18,0..17,0,0,4
18,0..17,1,1,4
18,0..17,2,2,4
18,0..17,3,3,4
18,0..17,4,4,4
18,0..17,5,5,4
18,0..17,6,6,4
18,0..17,7,7,4
18,16,9,8,1
18,17,9,9,1
18,19..63,0,0,4
18,19..63,1,1,4
18,19..63,2,2,4
18,19..63,3,3,4
18,19..63,4,4,4
18,19..63,5,5,4
18,19..63,6,6,4
18,19..63,7,7,4
18,19,10,10,1
18,20,10,11,1
18,21,10,12,1
18,22,10,13,1
18,23,10,14,1
19,0..18,0,0,4
19,0..18,1,1,4
19,0..18,2,2,4
19,0..18,3,3,4
19,0..18,4,4,4
19,0..18,5,5,4
19,0..18,6,6,4
19,0..18,7,7,4
19,16,10,8,1
19,17,10,9,1
19,18,10,10,1
19,20..63,0,0,4
19,20..63,1,1,4
19,20..63,2,2,4
19,20..63,3,3,4
19,20..63,4,4,4
19,20..63,5,5,4
19,20..63,6,6,4
19,20..63,7,7,4
19,20,11,11,1
19,21,11,12,1
19,22,11,13,1
19,23,11,14,1
20,0..19,0,0,4
20,0..19,1,1,4
20,0..19,2,2,4
20,0..19,3,3,4
20,0..19,4,4,4
20,0..19,5,5,4
20,0..19,6,6,4
20,0..19,7,7,4
20,16,11,8,1
20,17,11,9,1
20,18,11,10,1
20,19,11,11,1
20,21..63,0,0,4
20,21..63,1,1,4
20,21..63,2,2,4
20,21..63,3,3,4
20,21..63,4,4,4
20,21..63,5,5,4
20,21..63,6,6,4
20,21..63,7,7,4
20,21,12,12,1
20,22,12,13,1
20,23,12,14,1
21,0..20,0,0,4
21,0..20,1,1,4
21,0..20,2,2,4
21,0..20,3,3,4
21,0..20,4,4,4
21,0..20,5,5,4
21,0..20,6,6,4
21,0..20,7,7,4
21,16,12,8,1
21,17,12,9,1
21,18,12,10,1
21,19,12,11,1
21,20,12,12,1
21,22..63,0,0,4
21,22..63,1,1,4
21,22..63,2,2,4
21,22..63,3,3,4
21,22..63,4,4,4
21,22..63,5,5,4
21,22..63,6,6,4
21,22..63,7,7,4
21,22,13,13,1
21,23,13,14,1
22,0..21,0,0,4
22,0..21,1,1,4
22,0..21,2,2,4
22,0..21,3,3,4
22,0..21,4,4,4
22,0..21,5,5,4
22,0..21,6,6,4
22,0..21,7,7,4
22,16,13,8,1
22,17,13,9,1
22,18,13,10,1
22,19,13,11,1
22,20,13,12,1
22,21,13,13,1
22,23..63,0,0,4
22,23..63,1,1,4
22,23..63,2,2,4
22,23..63,3,3,4
22,23..63,4,4,4
22,23..63,5,5,4
22,23..63,6,6,4
22,23..63,7,7,4
22,23,14,14,1
23,0..22,0,0,4
23,0..22,1,1,4
23,0..22,2,2,4
23,0..22,3,3,4
23,0..22,4,4,4
23,0..22,5,5,4
23,0..22,6,6,4
23,0..22,7,7,4
23,16,14,8,1
23,17,14,9,1
23,18,14,10,1
23,19,14,11,1
23,20,14,12,1
23,21,14,13,1
23,22,14,14,1
23,24..63,0,0,4
23,24..63,1,1,4
23,24..63,2,2,4
23,24..63,3,3,4
23,24..63,4,4,4
23,24..63,5,5,4
23,24..63,6,6,4
23,24..63,7,7,4
24,0..23,0,0,4
24,0..23,1,1,4
24,0..23,2,2,4
24,0..23,3,3,4
24,0..23,4,4,4
24,0..23,5,5,4
24,0..23,6,6,4
24,0..23,7,7,4
24,25..63,0,0,4
24,25..63,1,1,4
24,25..63,2,2,4
24,25..63,3,3,4
24,25..63,4,4,4
24,25..63,5,5,4
24,25..63,6,6,4
24,25..63,7,7,4
24,25,8,8,1
24,26,8,9,1
24,27,8,10,1
24,28,8,11,1
24,29,8,12,1
24,30,8,13,1
24,31,8,14,1
25,0..24,0,0,4
25,0..24,1,1,4
25,0..24,2,2,4
25,0..24,3,3,4
25,0..24,4,4,4
25,0..24,5,5,4
25,0..24,6,6,4
25,0..24,7,7,4
25,24,8,8,1
25,26..63,0,0,4
25,26..63,1,1,4
25,26..63,2,2,4
25,26..63,3,3,4
25,26..63,4,4,4
25,26..63,5,5,4
25,26..63,6,6,4
25,26..63,7,7,4
25,26,9,9,1
25,27,9,10,1
25,28,9,11,1
25,29,9,12,1
25,30,9,13,1
25,31,9,14,1
26,0..25,0,0,4
26,0..25,1,1,4
26,0..25,2,2,4
26,0..25,3,3,4
26,0..25,4,4,4
26,0..25,5,5,4
26,0..25,6,6,4
26,0..25,7,7,4
26,24,9,8,1
26,25,9,9,1
26,27..63,0,0,4
26,27..63,1,1,4
26,27..63,2,2,4
26,27..63,3,3,4
26,27..63,4,4,4
26,27..63,5,5,4
26,27..63,6,6,4
26,27..63,7,7,4
26,27,10,10,1
26,28,10,11,1
26,29,10,12,1
26,30,10,13,1
26,31,10,14,1
27,0..26,0,0,4
27,0..26,1,1,4
27,0..26,2,2,4
27,0..26,3,3,4
27,0..26,4,4,4
27,0..26,5,5,4
27,0..26,6,6,4
27,0..26,7,7,4
27,24,10,8,1
27,25,10,9,1
27,26,10,10,1
27,28..63,0,0,4
27,28..63,1,1,4
27,28..63,2,2,4
27,28..63,3,3,4
27,28..63,4,4,4
27,28..63,5,5,4
27,28..63,6,6,4
27,28..63,7,7,4
27,28,11,11,1
27,29,11,12,1
27,30,11,13,1
27,31,11,14,1
28,0..27,0,0,4
28,0..27,1,1,4
28,0..27,2,2,4
28,0..27,3,3,4
28,0..27,4,4,4
28,0..27,5,5,4
28,0..27,6,6,4
28,0..27,7,7,4
28,24,11,8,1
28,25,11,9,1
28,26,11,10,1
28,27,11,11,1
28,29..63,0,0,4
28,29..63,1,1,4
28,29..63,2,2,4
28,29..63,3,3,4
28,29..63,4,4,4
28,29..63,5,5,4
28,29..63,6,6,4
28,29..63,7,7,4
28,29,12,12,1
28,30,12,13,1
28,31,12,14,1
29,0..28,0,0,4
29,0..28,1,1,4
29,0..28,2,2,4
29,0..28,3,3,4
29,0..28,4,4,4
29,0..28,5,5,4
29,0..28,6,6,4
29,0..28,7,7,4
29,24,12,8,1
29,25,12,9,1
29,26,12,10,1
29,27,12,11,1
29,28,12,12,1
29,30..63,0,0,4
29,30..63,1,1,4
29,30..63,2,2,4
29,30..63,3,3,4
29,30..63,4,4,4
29,30..63,5,5,4
29,30..63,6,6,4
29,30..63,7,7,4
29,30,13,13,1
29,31,13,14,1
30,0..29,0,0,4
30,0..29,1,1,4
30,0..29,2,2,4
30,0..29,3,3,4
30,0..29,4,4,4
30,0..29,5,5,4
30,0..29,6,6,4
30,0..29,7,7,4
30,24,13,8,1
30,25,13,9,1
30,26,13,10,1
30,27,13,11,1
30,28,13,12,1
30,29,13,13,1
30,31..63,0,0,4
30,31..63,1,1,4
30,31..63,2,2,4
30,31..63,3,3,4
30,31..63,4,4,4
30,31..63,5,5,4
30,31..63,6,6,4
30,31..63,7,7,4
30,31,14,14,1
31,0..30,0,0,4
31,0..30,1,1,4
31,0..30,2,2,4
31,0..30,3,3,4
31,0..30,4,4,4
31,0..30,5,5,4
31,0..30,6,6,4
31,0..30,7,7,4
31,24,14,8,1
31,25,14,9,1
31,26,14,10,1
31,27,14,11,1
31,28,14,12,1
31,29,14,13,1
31,30,14,14,1
31,32..63,0,0,4
31,32..63,1,1,4
31,32..63,2,2,4
31,32..63,3,3,4
31,32..63,4,4,4
31,32..63,5,5,4
31,32..63,6,6,4
31,32..63,7,7,4
32,0..31,0,0,4
32,0..31,1,1,4
32,0..31,2,2,4
32,0..31,3,3,4
32,0..31,4,4,4
32,0..31,5,5,4
32,0..31,6,6,4
32,0..31,7,7,4
32,33..63,0,0,4
32,33..63,1,1,4
32,33..63,2,2,4
32,33..63,3,3,4
32,33..63,4,4,4
32,33..63,5,5,4
32,33..63,6,6,4
32,33..63,7,7,4
32,33,8,8,1
32,34,8,9,1
32,35,8,10,1
32,36,8,11,1
32,37,8,12,1
32,38,8,13,1
32,39,8,14,1
33,0..32,0,0,4
33,0..32,1,1,4
33,0..32,2,2,4
33,0..32,3,3,4
33,0..32,4,4,4
33,0..32,5,5,4
33,0..32,6,6,4
33,0..32,7,7,4
33,32,8,8,1
33,34..63,0,0,4
33,34..63,1,1,4
33,34..63,2,2,4
33,34..63,3,3,4
33,34..63,4,4,4
33,34..63,5,5,4
33,34..63,6,6,4
33,34..63,7,7,4
33,34,9,9,1
33,35,9,10,1
33,36,9,11,1
33,37,9,12,1
33,38,9,13,1
33,39,9,14,1
34,0..33,0,0,4
34,0..33,1,1,4
34,0..33,2,2,4
34,0..33,3,3,4
34,0..33,4,4,4
34,0..33,5,5,4
34,0..33,6,6,4
34,0..33,7,7,4
34,32,9,8,1
34,33,9,9,1
34,35..63,0,0,4
34,35..63,1,1,4
34,35..63,2,2,4
34,35..63,3,3,4
34,35..63,4,4,4
34,35..63,5,5,4
34,35..63,6,6,4
34,35..63,7,7,4
34,35,10,10,1
34,36,10,11,1
34,37,10,12,1
34,38,10,13,1
34,39,10,14,1
35,0..34,0,0,4
35,0..34,1,1,4
35,0..34,2,2,4
35,0..34,3,3,4
35,0..34,4,4,4
35,0..34,5,5,4
35,0..34,6,6,4
35,0..34,7,7,4
35,32,10,8,1
35,33,10,9,1
35,34,10,10,1
35,36..63,0,0,4
35,36..63,1,1,4
35,36..63,2,2,4
35,36..63,3,3,4
35,36..63,4,4,4
35,36..63,5,5,4
35,36..63,6,6,4
35,36..63,7,7,4
35,36,11,11,1
35,37,11,12,1
35,38,11,13,1
35,39,11,14,1
36,0..35,0,0,4
36,0..35,1,1,4
36,0..35,2,2,4
36,0..35,3,3,4
36,0..35,4,4,4
36,0..35,5,5,4
36,0..35,6,6,4
36,0..35,7,7,4
36,32,11,8,1
36,33,11,9,1
36,34,11,10,1
36,35,11,11,1
36,37..63,0,0,4
36,37..63,1,1,4
36,37..63,2,2,4
36,37..63,3,3,4
36,37..63,4,4,4
36,37..63,5,5,4
36,37..63,6,6,4
36,37..63,7,7,4
36,37,12,12,1
36,38,12,13,1
36,39,12,14,1
37,0..36,0,0,4
37,0..36,1,1,4
37,0..36,2,2,4
37,0..36,3,3,4
37,0..36,4,4,4
37,0..36,5,5,4
37,0..36,6,6,4
37,0..36,7,7,4
37,32,12,8,1
37,33,12,9,1
37,34,12,10,1
37,35,12,11,1
37,36,12,12,1
37,38..63,0,0,4
37,38..63,1,1,4
37,38..63,2,2,4
37,38..63,3,3,4
37,38..63,4,4,4
37,38..63,5,5,4
37,38..63,6,6,4
37,38..63,7,7,4
37,38,13,13,1
37,39,13,14,1
38,0..37,0,0,4
38,0..37,1,1,4
38,0..37,2,2,4
38,0..37,3,3,4
38,0..37,4,4,4
38,0..37,5,5,4
38,0..37,6,6,4
38,0..37,7,7,4
38,32,13,8,1
38,33,13,9,1
38,34,13,10,1
38,35,13,11,1
38,36,13,12,1
38,37,13,13,1
38,39..63,0,0,4
38,39..63,1,1,4
38,39..63,2,2,4
38,39..63,3,3,4
38,39..63,4,4,4
38,39..63,5,5,4
38,39..63,6,6,4
38,39..63,7,7,4
38,39,14,14,1
39,0..38,0,0,4
39,0..38,1,1,4
39,0..38,2,2,4
39,0..38,3,3,4
39,0..38,4,4,4
39,0..38,5,5,4
39,0..38,6,6,4
39,0..38,7,7,4
39,32,14,8,1
39,33,14,9,1
39,34,14,10,1
39,35,14,11,1
39,36,14,12,1
39,37,14,13,1
39,38,14,14,1
39,40..63,0,0,4
39,40..63,1,1,4
39,40..63,2,2,4
39,40..63,3,3,4
39,40..63,4,4,4
39,40..63,5,5,4
39,40..63,6,6,4
39,40..63,7,7,4
40,0..39,0,0,4
40,0..39,1,1,4
40,0..39,2,2,4
40,0..39,3,3,4
40,0..39,4,4,4
40,0..39,5,5,4
40,0..39,6,6,4
40,0..39,7,7,4
40,41..63,0,0,4
40,41..63,1,1,4
40,41..63,2,2,4
40,41..63,3,3,4
40,41..63,4,4,4
40,41..63,5,5,4
40,41..63,6,6,4
40,41..63,7,7,4
40,41,8,8,1
40,42,8,9,1
40,43,8,10,1
40,44,8,11,1
40,45,8,12,1
40,46,8,13,1
40,47,8,14,1
41,0..40,0,0,4
41,0..40,1,1,4
41,0..40,2,2,4
41,0..40,3,3,4
41,0..40,4,4,4
41,0..40,5,5,4
41,0..40,6,6,4
41,0..40,7,7,4
41,40,8,8,1
41,42..63,0,0,4
41,42..63,1,1,4
41,42..63,2,2,4
41,42..63,3,3,4
41,42..63,4,4,4
41,42..63,5,5,4
41,42..63,6,6,4
41,42..63,7,7,4
41,42,9,9,1
41,43,9,10,1
41,44,9,11,1
41,45,9,12,1
41,46,9,13,1
41,47,9,14,1
42,0..41,0,0,4
42,0..41,1,1,4
42,0..41,2,2,4
42,0..41,3,3,4
42,0..41,4,4,4
42,0..41,5,5,4
42,0..41,6,6,4
42,0..41,7,7,4
42,40,9,8,1
42,41,9,9,1
42,43..63,0,0,4
42,43..63,1,1,4
42,43..63,2,2,4
42,43..63,3,3,4
42,43..63,4,4,4
42,43..63,5,5,4
42,43..63,6,6,4
42,43..63,7,7,4
42,43,10,10,1
42,44,10,11,1
42,45,10,12,1
42,46,10,13,1
42,47,10,14,1
43,0..42,0,0,4
43,0..42,1,1,4
43,0..42,2,2,4
43,0..42,3,3,4
43,0..42,4,4,4
43,0..42,5,5,4
43,0..42,6,6,4
43,0..42,7,7,4
43,40,10,8,1
43,41,10,9,1
43,42,10,10,1
43,44..63,0,0,4
43,44..63,1,1,4
43,44..63,2,2,4
43,44..63,3,3,4
43,44..63,4,4,4
43,44..63,5,5,4
43,44..63,6,6,4
43,44..63,7,7,4
43,44,11,11,1
43,45,11,12,1
43,46,11,13,1
43,47,11,14,1
44,0..43,0,0,4
44,0..43,1,1,4
44,0..43,2,2,4
44,0..43,3,3,4
44,0..43,4,4,4
44,0..43,5,5,4
44,0..43,6,6,4
44,0..43,7,7,4
44,40,11,8,1
44,41,11,9,1
44,42,11,10,1
44,43,11,11,1
44,45..63,0,0,4
44,45..63,1,1,4
44,45..63,2,2,4
44,45..63,3,3,4
44,45..63,4,4,4
44,45..63,5,5,4
44,45..63,6,6,4
44,45..63,7,7,4
44,45,12,12,1
44,46,12,13,1
44,47,12,14,1
45,0..44,0,0,4
45,0..44,1,1,4
45,0..44,2,2,4
45,0..44,3,3,4
45,0..44,4,4,4
45,0..44,5,5,4
45,0..44,6,6,4
45,0..44,7,7,4
45,40,12,8,1
45,41,12,9,1
45,42,12,10,1
45,43,12,11,1
45,44,12,12,1
45,46..63,0,0,4
45,46..63,1,1,4
45,46..63,2,2,4
45,46..63,3,3,4
45,46..63,4,4,4
45,46..63,5,5,4
45,46..63,6,6,4
45,46..63,7,7,4
45,46,13,13,1
45,47,13,14,1
46,0..45,0,0,4
46,0..45,1,1,4
46,0..45,2,2,4
46,0..45,3,3,4
46,0..45,4,4,4
46,0..45,5,5,4
46,0..45,6,6,4
46,0..45,7,7,4
46,40,13,8,1
46,41,13,9,1
46,42,13,10,1
46,43,13,11,1
46,44,13,12,1
46,45,13,13,1
46,47..63,0,0,4
46,47..63,1,1,4
46,47..63,2,2,4
46,47..63,3,3,4
46,47..63,4,4,4
46,47..63,5,5,4
46,47..63,6,6,4
46,47..63,7,7,4
46,47,14,14,1
47,0..46,0,0,4
47,0..46,1,1,4
47,0..46,2,2,4
47,0..46,3,3,4
47,0..46,4,4,4
47,0..46,5,5,4
47,0..46,6,6,4
47,0..46,7,7,4
47,40,14,8,1
47,41,14,9,1
47,42,14,10,1
47,43,14,11,1
47,44,14,12,1
47,45,14,13,1
47,46,14,14,1
47,48..63,0,0,4
47,48..63,1,1,4
47,48..63,2,2,4
47,48..63,3,3,4
47,48..63,4,4,4
47,48..63,5,5,4
47,48..63,6,6,4
47,48..63,7,7,4
48,0..47,0,0,4
48,0..47,1,1,4
48,0..47,2,2,4
48,0..47,3,3,4
48,0..47,4,4,4
48,0..47,5,5,4
48,0..47,6,6,4
48,0..47,7,7,4
48,49..63,0,0,4
48,49..63,1,1,4
48,49..63,2,2,4
48,49..63,3,3,4
48,49..63,4,4,4
48,49..63,5,5,4
48,49..63,6,6,4
48,49..63,7,7,4
48,49,8,8,1
48,50,8,9,1
48,51,8,10,1
48,52,8,11,1
48,53,8,12,1
48,54,8,13,1
48,55,8,14,1
49,0..48,0,0,4
49,0..48,1,1,4
49,0..48,2,2,4
49,0..48,3,3,4
49,0..48,4,4,4
49,0..48,5,5,4
49,0..48,6,6,4
49,0..48,7,7,4
49,48,8,8,1
49,50..63,0,0,4
49,50..63,1,1,4
49,50..63,2,2,4
49,50..63,3,3,4
49,50..63,4,4,4
49,50..63,5,5,4
49,50..63,6,6,4
49,50..63,7,7,4
49,50,9,9,1
49,51,9,10,1
49,52,9,11,1
49,53,9,12,1
49,54,9,13,1
49,55,9,14,1
50,0..49,0,0,4
50,0..49,1,1,4
50,0..49,2,2,4
50,0..49,3,3,4
50,0..49,4,4,4
50,0..49,5,5,4
50,0..49,6,6,4
50,0..49,7,7,4
50,48,9,8,1
50,49,9,9,1
50,51..63,0,0,4
50,51..63,1,1,4
50,51..63,2,2,4
50,51..63,3,3,4
50,51..63,4,4,4
50,51..63,5,5,4
50,51..63,6,6,4
50,51..63,7,7,4
50,51,10,10,1
50,52,10,11,1
50,53,10,12,1
50,54,10,13,1
50,55,10,14,1
51,0..50,0,0,4
51,0..50,1,1,4
51,0..50,2,2,4
51,0..50,3,3,4
51,0..50,4,4,4
51,0..50,5,5,4
51,0..50,6,6,4
51,0..50,7,7,4
51,48,10,8,1
51,49,10,9,1
51,50,10,10,1
51,52..63,0,0,4
51,52..63,1,1,4
51,52..63,2,2,4
51,52..63,3,3,4
51,52..63,4,4,4
51,52..63,5,5,4
51,52..63,6,6,4
51,52..63,7,7,4
51,52,11,11,1
51,53,11,12,1
51,54,11,13,1
51,55,11,14,1
52,0..51,0,0,4
52,0..51,1,1,4
52,0..51,2,2,4
52,0..51,3,3,4
52,0..51,4,4,4
52,0..51,5,5,4
52,0..51,6,6,4
52,0..51,7,7,4
52,48,11,8,1
52,49,11,9,1
52,50,11,10,1
52,51,11,11,1
52,53..63,0,0,4
52,53..63,1,1,4
52,53..63,2,2,4
52,53..63,3,3,4
52,53..63,4,4,4
52,53..63,5,5,4
52,53..63,6,6,4
52,53..63,7,7,4
52,53,12,12,1
52,54,12,13,1
52,55,12,14,1
53,0..52,0,0,4
53,0..52,1,1,4
53,0..52,2,2,4
53,0..52,3,3,4
53,0..52,4,4,4
53,0..52,5,5,4
53,0..52,6,6,4
53,0..52,7,7,4
53,48,12,8,1
53,49,12,9,1
53,50,12,10,1
53,51,12,11,1
53,52,12,12,1
53,54..63,0,0,4
53,54..63,1,1,4
53,54..63,2,2,4
53,54..63,3,3,4
53,54..63,4,4,4
53,54..63,5,5,4
53,54..63,6,6,4
53,54..63,7,7,4
53,54,13,13,1
53,55,13,14,1
54,0..53,0,0,4
54,0..53,1,1,4
54,0..53,2,2,4
54,0..53,3,3,4
54,0..53,4,4,4
54,0..53,5,5,4
54,0..53,6,6,4
54,0..53,7,7,4
54,48,13,8,1
54,49,13,9,1
54,50,13,10,1
54,51,13,11,1
54,52,13,12,1
54,53,13,13,1
54,55..63,0,0,4
54,55..63,1,1,4
54,55..63,2,2,4
54,55..63,3,3,4
54,55..63,4,4,4
54,55..63,5,5,4
54,55..63,6,6,4
54,55..63,7,7,4
54,55,14,14,1
55,0..54,0,0,4
55,0..54,1,1,4
55,0..54,2,2,4
55,0..54,3,3,4
55,0..54,4,4,4
55,0..54,5,5,4
55,0..54,6,6,4
55,0..54,7,7,4
55,48,14,8,1
55,49,14,9,1
55,50,14,10,1
55,51,14,11,1
55,52,14,12,1
55,53,14,13,1
55,54,14,14,1
55,56..63,0,0,4
55,56..63,1,1,4
55,56..63,2,2,4
55,56..63,3,3,4
55,56..63,4,4,4
55,56..63,5,5,4
55,56..63,6,6,4
55,56..63,7,7,4
56,0..55,0,0,4
56,0..55,1,1,4
56,0..55,2,2,4
56,0..55,3,3,4
56,0..55,4,4,4
56,0..55,5,5,4
56,0..55,6,6,4
56,0..55,7,7,4
56,57..63,0,0,4
56,57..63,1,1,4
56,57..63,2,2,4
56,57..63,3,3,4
56,57..63,4,4,4
56,57..63,5,5,4
56,57..63,6,6,4
56,57..63,7,7,4
56,57,8,8,1
56,58,8,9,1
56,59,8,10,1
56,60,8,11,1
56,61,8,12,1
56,62,8,13,1
56,63,8,14,1
57,0..56,0,0,4
57,0..56,1,1,4
57,0..56,2,2,4
57,0..56,3,3,4
57,0..56,4,4,4
57,0..56,5,5,4
57,0..56,6,6,4
57,0..56,7,7,4
57,56,8,8,1
57,58..63,0,0,4
57,58..63,1,1,4
57,58..63,2,2,4
57,58..63,3,3,4
57,58..63,4,4,4
57,58..63,5,5,4
57,58..63,6,6,4
57,58..63,7,7,4
57,58,9,9,1
57,59,9,10,1
57,60,9,11,1
57,61,9,12,1
57,62,9,13,1
57,63,9,14,1
58,0..57,0,0,4
58,0..57,1,1,4
58,0..57,2,2,4
58,0..57,3,3,4
58,0..57,4,4,4
58,0..57,5,5,4
58,0..57,6,6,4
58,0..57,7,7,4
58,56,9,8,1
58,57,9,9,1
58,59..63,0,0,4
58,59..63,1,1,4
58,59..63,2,2,4
58,59..63,3,3,4
58,59..63,4,4,4
58,59..63,5,5,4
58,59..63,6,6,4
58,59..63,7,7,4
58,59,10,10,1
58,60,10,11,1
58,61,10,12,1
58,62,10,13,1
58,63,10,14,1
59,0..58,0,0,4
59,0..58,1,1,4
59,0..58,2,2,4
59,0..58,3,3,4
59,0..58,4,4,4
59,0..58,5,5,4
59,0..58,6,6,4
59,0..58,7,7,4
59,56,10,8,1
59,57,10,9,1
59,58,10,10,1
59,60..63,0,0,4
59,60..63,1,1,4
59,60..63,2,2,4
59,60..63,3,3,4
59,60..63,4,4,4
59,60..63,5,5,4
59,60..63,6,6,4
59,60..63,7,7,4
59,60,11,11,1
59,61,11,12,1
59,62,11,13,1
59,63,11,14,1
60,0..59,0,0,4
60,0..59,1,1,4
60,0..59,2,2,4
60,0..59,3,3,4
60,0..59,4,4,4
60,0..59,5,5,4
60,0..59,6,6,4
60,0..59,7,7,4
60,56,11,8,1
60,57,11,9,1
60,58,11,10,1
60,59,11,11,1
60,61..63,0,0,4
60,61..63,1,1,4
60,61..63,2,2,4
60,61..63,3,3,4
60,61..63,4,4,4
60,61..63,5,5,4
60,61..63,6,6,4
60,61..63,7,7,4
60,61,12,12,1
60,62,12,13,1
60,63,12,14,1
61,0..60,0,0,4
61,0..60,1,1,4
61,0..60,2,2,4
61,0..60,3,3,4
61,0..60,4,4,4
61,0..60,5,5,4
61,0..60,6,6,4
61,0..60,7,7,4
61,56,12,8,1
61,57,12,9,1
61,58,12,10,1
61,59,12,11,1
61,60,12,12,1
61,62..63,0,0,4
61,62..63,1,1,4
61,62..63,2,2,4
61,62..63,3,3,4
61,62..63,4,4,4
61,62..63,5,5,4
61,62..63,6,6,4
61,62..63,7,7,4
61,62,13,13,1
61,63,13,14,1
62,0..61,0,0,4
62,0..61,1,1,4
62,0..61,2,2,4
62,0..61,3,3,4
62,0..61,4,4,4
62,0..61,5,5,4
62,0..61,6,6,4
62,0..61,7,7,4
62,56,13,8,1
62,57,13,9,1
62,58,13,10,1
62,59,13,11,1
62,60,13,12,1
62,61,13,13,1
62,63,0,0,4
62,63,1,1,4
62,63,2,2,4
62,63,3,3,4
62,63,4,4,4
62,63,5,5,4
62,63,6,6,4
62,63,7,7,4
62,63,14,14,1
63,0..62,0,0,4
63,0..62,1,1,4
63,0..62,2,2,4
63,0..62,3,3,4
63,0..62,4,4,4
63,0..62,5,5,4
63,0..62,6,6,4
63,0..62,7,7,4
63,56,14,8,1
63,57,14,9,1
63,58,14,10,1
63,59,14,11,1
63,60,14,12,1
63,61,14,13,1
63,62,14,14,1
64,0,0,0,1
64,1,0,1,1
64,2,0,2,1
64,3,0,3,1
64,4,0,4,1
64,5,0,5,1
64,6,0,6,1
64,7,0,7,1
64,8..63,0,8 9 10 11 12 13 14 15,3 3 3 3 3 3 3 3
65,0..7,0,8 9 10 11 12 13 14 15,3 3 3 3 3 3 3 3
65,8,0,0,1
65,9,0,1,1
65,10,0,2,1
65,11,0,3,1
65,12,0,4,1
65,13,0,5,1
65,14,0,6,1
65,15,0,7,1
65,16..63,0,8 9 10 11 12 13 14 15,3 3 3 3 3 3 3 3
66,0..15,0,8 9 10 11 12 13 14 15,3 3 3 3 3 3 3 3
66,16,0,0,1
66,17,0,1,1
66,18,0,2,1
66,19,0,3,1
66,20,0,4,1
66,21,0,5,1
66,22,0,6,1
66,23,0,7,1
66,24..63,0,8 9 10 11 12 13 14 15,3 3 3 3 3 3 3 3
67,0..23,0,8 9 10 11 12 13 14 15,3 3 3 3 3 3 3 3
67,24,0,0,1
67,25,0,1,1
67,26,0,2,1
67,27,0,3,1
67,28,0,4,1
67,29,0,5,1
67,30,0,6,1
67,31,0,7,1
67,32..63,0,8 9 10 11 12 13 14 15,3 3 3 3 3 3 3 3
68,0..31,0,8 9 10 11 12 13 14 15,3 3 3 3 3 3 3 3
68,32,0,0,1
68,33,0,1,1
68,34,0,2,1
68,35,0,3,1
68,36,0,4,1
68,37,0,5,1
68,38,0,6,1
68,39,0,7,1
68,40..63,0,8 9 10 11 12 13 14 15,3 3 3 3 3 3 3 3
69,0..39,0,8 9 10 11 12 13 14 15,3 3 3 3 3 3 3 3
69,40,0,0,1
69,41,0,1,1
69,42,0,2,1
69,43,0,3,1
69,44,0,4,1
69,45,0,5,1
69,46,0,6,1
69,47,0,7,1
69,48..63,0,8 9 10 11 12 13 14 15,3 3 3 3 3 3 3 3
70,0..47,0,8 9 10 11 12 13 14 15,3 3 3 3 3 3 3 3
70,48,0,0,1
70,49,0,1,1
70,50,0,2,1
70,51,0,3,1
70,52,0,4,1
70,53,0,5,1
70,54,0,6,1
70,55,0,7,1
70,56..63,0,8 9 10 11 12 13 14 15,3 3 3 3 3 3 3 3
71,0..55,0,8 9 10 11 12 13 14 15,3 3 3 3 3 3 3 3
71,56,0,0,1
71,57,0,1,1
71,58,0,2,1
71,59,0,3,1
71,60,0,4,1
71,61,0,5,1
71,62,0,6,1
71,63,0,7,1
72,0,1,0,1
72,1,1,1,1
72,2,1,2,1
72,3,1,3,1
72,4,1,4,1
72,5,1,5,1
72,6,1,6,1
72,7,1,7,1
72,8..63,1,8 9 10 11 12 13 14 15,3 3 3 3 3 3 3 3
73,0..7,1,8 9 10 11 12 13 14 15,3 3 3 3 3 3 3 3
73,8,1,0,1
73,9,1,1,1
73,10,1,2,1
73,11,1,3,1
73,12,1,4,1
73,13,1,5,1
73,14,1,6,1
73,15,1,7,1
73,16..63,1,8 9 10 11 12 13 14 15,3 3 3 3 3 3 3 3
74,0..15,1,8 9 10 11 12 13 14 15,3 3 3 3 3 3 3 3
74,16,1,0,1
74,17,1,1,1
74,18,1,2,1
74,19,1,3,1
74,20,1,4,1
74,21,1,5,1
74,22,1,6,1
74,23,1,7,1
74,24..63,1,8 9 10 11 12 13 14 15,3 3 3 3 3 3 3 3
75,0..23,1,8 9 10 11 12 13 14 15,3 3 3 3 3 3 3 3
75,24,1,0,1
75,25,1,1,1
75,26,1,2,1
75,27,1,3,1
75,28,1,4,1
75,29,1,5,1
75,30,1,6,1
75,31,1,7,1
75,32..63,1,8 9 10 11 12 13 14 15,3 3 3 3 3 3 3 3
76,0..31,1,8 9 10 11 12 13 14 15,3 3 3 3 3 3 3 3
76,32,1,0,1
76,33,1,1,1
76,34,1,2,1
76,35,1,3,1
76,36,1,4,1
76,37,1,5,1
76,38,1,6,1
76,39,1,7,1
76,40..63,1,8 9 10 11 12 13 14 15,3 3 3 3 3 3 3 3
77,0..39,1,8 9 10 11 12 13 14 15,3 3 3 3 3 3 3 3
77,40,1,0,1
77,41,1,1,1
77,42,1,2,1
77,43,1,3,1
77,44,1,4,1
77,45,1,5,1
77,46,1,6,1
77,47,1,7,1
77,48..63,1,8 9 10 11 12 13 14 15,3 3 3 3 3 3 3 3
78,0..47,1,8 9 10 11 12 13 14 15,3 3 3 3 3 3 3 3
78,48,1,0,1
78,49,1,1,1
78,50,1,2,1
78,51,1,3,1
78,52,1,4,1
78,53,1,5,1
78,54,1,6,1
78,55,1,7,1
78,56..63,1,8 9 10 11 12 13 14 15,3 3 3 3 3 3 3 3
79,0..55,1,8 9 10 11 12 13 14 15,3 3 3 3 3 3 3 3
79,56,1,0,1
79,57,1,1,1
79,58,1,2,1
79,59,1,3,1
79,60,1,4,1
79,61,1,5,1
79,62,1,6,1
79,63,1,7,1
80,0,2,0,1
80,1,2,1,1
80,2,2,2,1
80,3,2,3,1
80,4,2,4,1
80,5,2,5,1
80,6,2,6,1
80,7,2,7,1
80,8..63,2,8 9 10 11 12 13 14 15,3 3 3 3 3 3 3 3
81,0..7,2,8 9 10 11 12 13 14 15,3 3 3 3 3 3 3 3
81,8,2,0,1
81,9,2,1,1
81,10,2,2,1
81,11,2,3,1
81,12,2,4,1
81,13,2,5,1
81,14,2,6,1
81,15,2,7,1
81,16..63,2,8 9 10 11 12 13 14 15,3 3 3 3 3 3 3 3
82,0..15,2,8 9 10 11 12 13 14 15,3 3 3 3 3 3 3 3
82,16,2,0,1
82,17,2,1,1
82,18,2,2,1
82,19,2,3,1
82,20,2,4,1
82,21,2,5,1
82,22,2,6,1
82,23,2,7,1
82,24..63,2,8 9 10 11 12 13 14 15,3 3 3 3 3 3 3 3
83,0..23,2,8 9 10 11 12 13 14 15,3 3 3 3 3 3 3 3
83,24,2,0,1
83,25,2,1,1
83,26,2,2,1
83,27,2,3,1
83,28,2,4,1
83,29,2,5,1
83,30,2,6,1
83,31,2,7,1
83,32..63,2,8 9 10 11 12 13 14 15,3 3 3 3 3 3 3 3
84,0..31,2,8 9 10 11 12 13 14 15,3 3 3 3 3 3 3 3
84,32,2,0,1
84,33,2,1,1
84,34,2,2,1
84,35,2,3,1
84,36,2,4,1
84,37,2,5,1
84,38,2,6,1
84,39,2,7,1
84,40..63,2,8 9 10 11 12 13 14 15,3 3 3 3 3 3 3 3
85,0..39,2,8 9 10 11 12 13 14 15,3 3 3 3 3 3 3 3
85,40,2,0,1
85,41,2,1,1
85,42,2,2,1
85,43,2,3,1
85,44,2,4,1
85,45,2,5,1
85,46,2,6,1
85,47,2,7,1
85,48..63,2,8 9 10 11 12 13 14 15,3 3 3 3 3 3 3 3
86,0..47,2,8 9 10 11 12 13 14 15,3 3 3 3 3 3 3 3
86,48,2,0,1
86,49,2,1,1
86,50,2,2,1
86,51,2,3,1
86,52,2,4,1
86,53,2,5,1
86,54,2,6,1
86,55,2,7,1
86,56..63,2,8 9 10 11 12 13 14 15,3 3 3 3 3 3 3 3
87,0..55,2,8 9 10 11 12 13 14 15,3 3 3 3 3 3 3 3
87,56,2,0,1
87,57,2,1,1
87,58,2,2,1
87,59,2,3,1
87,60,2,4,1
87,61,2,5,1
87,62,2,6,1
87,63,2,7,1
88,0,3,0,1
88,1,3,1,1
88,2,3,2,1
88,3,3,3,1
88,4,3,4,1
88,5,3,5,1
88,6,3,6,1
88,7,3,7,1
88,8..63,3,8 9 10 11 12 13 14 15,3 3 3 3 3 3 3 3
89,0..7,3,8 9 10 11 12 13 14 15,3 3 3 3 3 3 3 3
89,8,3,0,1
89,9,3,1,1
89,10,3,2,1
89,11,3,3,1
89,12,3,4,1
89,13,3,5,1
89,14,3,6,1
89,15,3,7,1
89,16..63,3,8 9 10 11 12 13 14 15,3 3 3 3 3 3 3 3
90,0..15,3,8 9 10 11 12 13 14 15,3 3 3 3 3 3 3 3
90,16,3,0,1
90,17,3,1,1
90,18,3,2,1
90,19,3,3,1
90,20,3,4,1
90,21,3,5,1
90,22,3,6,1
90,23,3,7,1
90,24..63,3,8 9 10 11 12 13 14 15,3 3 3 3 3 3 3 3
91,0..23,3,8 9 10 11 12 13 14 15,3 3 3 3 3 3 3 3
91,24,3,0,1
91,25,3,1,1
91,26,3,2,1
91,27,3,3,1
91,28,3,4,1
91,29,3,5,1
91,30,3,6,1
91,31,3,7,1
91,32..63,3,8 9 10 11 12 13 14 15,3 3 3 3 3 3 3 3
92,0..31,3,8 9 10 11 12 13 14 15,3 3 3 3 3 3 3 3
92,32,3,0,1
92,33,3,1,1
92,34,3,2,1
92,35,3,3,1
92,36,3,4,1
92,37,3,5,1
92,38,3,6,1
92,39,3,7,1
92,40..63,3,8 9 10 11 12 13 14 15,3 3 3 3 3 3 3 3
93,0..39,3,8 9 10 11 12 13 14 15,3 3 3 3 3 3 3 3
93,40,3,0,1
93,41,3,1,1
93,42,3,2,1
93,43,3,3,1
93,44,3,4,1
93,45,3,5,1
93,46,3,6,1
93,47,3,7,1
93,48..63,3,8 9 10 11 12 13 14 15,3 3 3 3 3 3 3 3
94,0..47,3,8 9 10 11 12 13 14 15,3 3 3 3 3 3 3 3
94,48,3,0,1
94,49,3,1,1
94,50,3,2,1
94,51,3,3,1
94,52,3,4,1
94,53,3,5,1
94,54,3,6,1
94,55,3,7,1
94,56..63,3,8 9 10 11 12 13 14 15,3 3 3 3 3 3 3 3
95,0..55,3,8 9 10 11 12 13 14 15,3 3 3 3 3 3 3 3
95,56,3,0,1
95,57,3,1,1
95,58,3,2,1
95,59,3,3,1
95,60,3,4,1
95,61,3,5,1
95,62,3,6,1
95,63,3,7,1
96,0,4,0,1
96,1,4,1,1
96,2,4,2,1
96,3,4,3,1
96,4,4,4,1
96,5,4,5,1
96,6,4,6,1
96,7,4,7,1
96,8..63,4,8 9 10 11 12 13 14 15,3 3 3 3 3 3 3 3
97,0..7,4,8 9 10 11 12 13 14 15,3 3 3 3 3 3 3 3
97,8,4,0,1
97,9,4,1,1
97,10,4,2,1
97,11,4,3,1
97,12,4,4,1
97,13,4,5,1
97,14,4,6,1
97,15,4,7,1
97,16..63,4,8 9 10 11 12 13 14 15,3 3 3 3 3 3 3 3
98,0..15,4,8 9 10 11 12 13 14 15,3 3 3 3 3 3 3 3
98,16,4,0,1
98,17,4,1,1
98,18,4,2,1
98,19,4,3,1
98,20,4,4,1
98,21,4,5,1
98,22,4,6,1
98,23,4,7,1
98,24..63,4,8 9 10 11 12 13 14 15,3 3 3 3 3 3 3 3
99,0..23,4,8 9 10 11 12 13 14 15,3 3 3 3 3 3 3 3
99,24,4,0,1
99,25,4,1,1
99,26,4,2,1
99,27,4,3,1
99,28,4,4,1
99,29,4,5,1
99,30,4,6,1
99,31,4,7,1
99,32..63,4,8 9 10 11 12 13 14 15,3 3 3 3 3 3 3 3
100,0..31,4,8 9 10 11 12 13 14 15,3 3 3 3 3 3 3 3
100,32,4,0,1
100,33,4,1,1
100,34,4,2,1
100,35,4,3,1
100,36,4,4,1
100,37,4,5,1
100,38,4,6,1
100,39,4,7,1
100,40..63,4,8 9 10 11 12 13 14 15,3 3 3 3 3 3 3 3
101,0..39,4,8 9 10 11 12 13 14 15,3 3 3 3 3 3 3 3
101,40,4,0,1
101,41,4,1,1
101,42,4,2,1
101,43,4,3,1
101,44,4,4,1
101,45,4,5,1
101,46,4,6,1
101,47,4,7,1
101,48..63,4,8 9 10 11 12 13 14 15,3 3 3 3 3 3 3 3
102,0..47,4,8 9 10 11 12 13 14 15,3 3 3 3 3 3 3 3
102,48,4,0,1
102,49,4,1,1
102,50,4,2,1
102,51,4,3,1
102,52,4,4,1
102,53,4,5,1
102,54,4,6,1
102,55,4,7,1
102,56..63,4,8 9 10 11 12 13 14 15,3 3 3 3 3 3 3 3
103,0..55,4,8 9 10 11 12 13 14 15,3 3 3 3 3 3 3 3
103,56,4,0,1
103,57,4,1,1
103,58,4,2,1
103,59,4,3,1
103,60,4,4,1
103,61,4,5,1
103,62,4,6,1
103,63,4,7,1
104,0,5,0,1
104,1,5,1,1
104,2,5,2,1
104,3,5,3,1
104,4,5,4,1
104,5,5,5,1
104,6,5,6,1
104,7,5,7,1
104,8..63,5,8 9 10 11 12 13 14 15,3 3 3 3 3 3 3 3
105,0..7,5,8 9 10 11 12 13 14 15,3 3 3 3 3 3 3 3
105,8,5,0,1
105,9,5,1,1
105,10,5,2,1
105,11,5,3,1
105,12,5,4,1
105,13,5,5,1
105,14,5,6,1
105,15,5,7,1
105,16..63,5,8 9 10 11 12 13 14 15,3 3 3 3 3 3 3 3
106,0..15,5,8 9 10 11 12 13 14 15,3 3 3 3 3 3 3 3
106,16,5,0,1
106,17,5,1,1
106,18,5,2,1
106,19,5,3,1
106,20,5,4,1
106,21,5,5,1
106,22,5,6,1
106,23,5,7,1
106,24..63,5,8 9 10 11 12 13 14 15,3 3 3 3 3 3 3 3
107,0..23,5,8 9 10 11 12 13 14 15,3 3 3 3 3 3 3 3
107,24,5,0,1
107,25,5,1,1
107,26,5,2,1
107,27,5,3,1
107,28,5,4,1
107,29,5,5,1
107,30,5,6,1
107,31,5,7,1
107,32..63,5,8 9 10 11 12 13 14 15,3 3 3 3 3 3 3 3
108,0..31,5,8 9 10 11 12 13 14 15,3 3 3 3 3 3 3 3
108,32,5,0,1
108,33,5,1,1
108,34,5,2,1
108,35,5,3,1
108,36,5,4,1
108,37,5,5,1
108,38,5,6,1
108,39,5,7,1
108,40..63,5,8 9 10 11 12 13 14 15,3 3 3 3 3 3 3 3
109,0..39,5,8 9 10 11 12 13 14 15,3 3 3 3 3 3 3 3
109,40,5,0,1
109,41,5,1,1
109,42,5,2,1
109,43,5,3,1
109,44,5,4,1
109,45,5,5,1
109,46,5,6,1
109,47,5,7,1
109,48..63,5,8 9 10 11 12 13 14 15,3 3 3 3 3 3 3 3
110,0..47,5,8 9 10 11 12 13 14 15,3 3 3 3 3 3 3 3
110,48,5,0,1
110,49,5,1,1
110,50,5,2,1
110,51,5,3,1
110,52,5,4,1
110,53,5,5,1
110,54,5,6,1
110,55,5,7,1
110,56..63,5,8 9 10 11 12 13 14 15,3 3 3 3 3 3 3 3
111,0..55,5,8 9 10 11 12 13 14 15,3 3 3 3 3 3 3 3
111,56,5,0,1
111,57,5,1,1
111,58,5,2,1
111,59,5,3,1
111,60,5,4,1
111,61,5,5,1
111,62,5,6,1
111,63,5,7,1
112,0,6,0,1
112,1,6,1,1
112,2,6,2,1
112,3,6,3,1
112,4,6,4,1
112,5,6,5,1
112,6,6,6,1
112,7,6,7,1
112,8..63,6,8 9 10 11 12 13 14 15,3 3 3 3 3 3 3 3
113,0..7,6,8 9 10 11 12 13 14 15,3 3 3 3 3 3 3 3
113,8,6,0,1
113,9,6,1,1
113,10,6,2,1
113,11,6,3,1
113,12,6,4,1
113,13,6,5,1
113,14,6,6,1
113,15,6,7,1
113,16..63,6,8 9 10 11 12 13 14 15,3 3 3 3 3 3 3 3
114,0..15,6,8 9 10 11 12 13 14 15,3 3 3 3 3 3 3 3
114,16,6,0,1
114,17,6,1,1
114,18,6,2,1
114,19,6,3,1
114,20,6,4,1
114,21,6,5,1
114,22,6,6,1
114,23,6,7,1
114,24..63,6,8 9 10 11 12 13 14 15,3 3 3 3 3 3 3 3
115,0..23,6,8 9 10 11 12 13 14 15,3 3 3 3 3 3 3 3
115,24,6,0,1
115,25,6,1,1
115,26,6,2,1
115,27,6,3,1
115,28,6,4,1
115,29,6,5,1
115,30,6,6,1
115,31,6,7,1
115,32..63,6,8 9 10 11 12 13 14 15,3 3 3 3 3 3 3 3
116,0..31,6,8 9 10 11 12 13 14 15,3 3 3 3 3 3 3 3
116,32,6,0,1
116,33,6,1,1
116,34,6,2,1
116,35,6,3,1
116,36,6,4,1
116,37,6,5,1
116,38,6,6,1
116,39,6,7,1
116,40..63,6,8 9 10 11 12 13 14 15,3 3 3 3 3 3 3 3
117,0..39,6,8 9 10 11 12 13 14 15,3 3 3 3 3 3 3 3
117,40,6,0,1
117,41,6,1,1
117,42,6,2,1
117,43,6,3,1
117,44,6,4,1
117,45,6,5,1
117,46,6,6,1
117,47,6,7,1
117,48..63,6,8 9 10 11 12 13 14 15,3 3 3 3 3 3 3 3
118,0..47,6,8 9 10 11 12 13 14 15,3 3 3 3 3 3 3 3
118,48,6,0,1
118,49,6,1,1
118,50,6,2,1
118,51,6,3,1
118,52,6,4,1
118,53,6,5,1
118,54,6,6,1
118,55,6,7,1
118,56..63,6,8 9 10 11 12 13 14 15,3 3 3 3 3 3 3 3
119,0..55,6,8 9 10 11 12 13 14 15,3 3 3 3 3 3 3 3
119,56,6,0,1
119,57,6,1,1
119,58,6,2,1
119,59,6,3,1
119,60,6,4,1
119,61,6,5,1
119,62,6,6,1
119,63,6,7,1
120,0,7,0,1
120,1,7,1,1
120,2,7,2,1
120,3,7,3,1
120,4,7,4,1
120,5,7,5,1
120,6,7,6,1
120,7,7,7,1
120,8..63,7,8 9 10 11 12 13 14 15,3 3 3 3 3 3 3 3
121,0..7,7,8 9 10 11 12 13 14 15,3 3 3 3 3 3 3 3
121,8,7,0,1
121,9,7,1,1
121,10,7,2,1
121,11,7,3,1
121,12,7,4,1
121,13,7,5,1
121,14,7,6,1
121,15,7,7,1
121,16..63,7,8 9 10 11 12 13 14 15,3 3 3 3 3 3 3 3
122,0..15,7,8 9 10 11 12 13 14 15,3 3 3 3 3 3 3 3
122,16,7,0,1
122,17,7,1,1
122,18,7,2,1
122,19,7,3,1
122,20,7,4,1
122,21,7,5,1
122,22,7,6,1
122,23,7,7,1
122,24..63,7,8 9 10 11 12 13 14 15,3 3 3 3 3 3 3 3
123,0..23,7,8 9 10 11 12 13 14 15,3 3 3 3 3 3 3 3
123,24,7,0,1
123,25,7,1,1
123,26,7,2,1
123,27,7,3,1
123,28,7,4,1
123,29,7,5,1
123,30,7,6,1
123,31,7,7,1
123,32..63,7,8 9 10 11 12 13 14 15,3 3 3 3 3 3 3 3
124,0..31,7,8 9 10 11 12 13 14 15,3 3 3 3 3 3 3 3
124,32,7,0,1
124,33,7,1,1
124,34,7,2,1
124,35,7,3,1
124,36,7,4,1
124,37,7,5,1
124,38,7,6,1
124,39,7,7,1
124,40..63,7,8 9 10 11 12 13 14 15,3 3 3 3 3 3 3 3
125,0..39,7,8 9 10 11 12 13 14 15,3 3 3 3 3 3 3 3
125,40,7,0,1
125,41,7,1,1
125,42,7,2,1
125,43,7,3,1
125,44,7,4,1
125,45,7,5,1
125,46,7,6,1
125,47,7,7,1
125,48..63,7,8 9 10 11 12 13 14 15,3 3 3 3 3 3 3 3
126,0..47,7,8 9 10 11 12 13 14 15,3 3 3 3 3 3 3 3
126,48,7,0,1
126,49,7,1,1
126,50,7,2,1
126,51,7,3,1
126,52,7,4,1
126,53,7,5,1
126,54,7,6,1
126,55,7,7,1
126,56..63,7,8 9 10 11 12 13 14 15,3 3 3 3 3 3 3 3
127,0..55,7,8 9 10 11 12 13 14 15,3 3 3 3 3 3 3 3
127,56,7,0,1
127,57,7,1,1
127,58,7,2,1
127,59,7,3,1
127,60,7,4,1
127,61,7,5,1
127,62,7,6,1
127,63,7,7,1
128..129,0..7,0,0 1,2 2
128..129,8..15,0,2 3,2 2
128..129,16..23,0,4 5,2 2
128..129,24..31,0,6 7,2 2
128..129,32..39,0,8 9,2 2
128..129,40..47,0,10 11,2 2
128..129,48..55,0,12 13,2 2
128..129,56..63,0,14 15,2 2
130..131,0..7,1,0 1,2 2
130..131,8..15,1,2 3,2 2
130..131,16..23,1,4 5,2 2
130..131,24..31,1,6 7,2 2
130..131,32..39,1,8 9,2 2
130..131,40..47,1,10 11,2 2
130..131,48..55,1,12 13,2 2
130..131,56..63,1,14 15,2 2
132..133,0..7,2,0 1,2 2
132..133,8..15,2,2 3,2 2
132..133,16..23,2,4 5,2 2
132..133,24..31,2,6 7,2 2
132..133,32..39,2,8 9,2 2
132..133,40..47,2,10 11,2 2
132..133,48..55,2,12 13,2 2
132..133,56..63,2,14 15,2 2
134..135,0..7,3,0 1,2 2
134..135,8..15,3,2 3,2 2
134..135,16..23,3,4 5,2 2
134..135,24..31,3,6 7,2 2
134..135,32..39,3,8 9,2 2
134..135,40..47,3,10 11,2 2
134..135,48..55,3,12 13,2 2
134..135,56..63,3,14 15,2 2
136..137,0..7,4,0 1,2 2
136..137,8..15,4,2 3,2 2
136..137,16..23,4,4 5,2 2
136..137,24..31,4,6 7,2 2
136..137,32..39,4,8 9,2 2
136..137,40..47,4,10 11,2 2
136..137,48..55,4,12 13,2 2
136..137,56..63,4,14 15,2 2
138..139,0..7,5,0 1,2 2
138..139,8..15,5,2 3,2 2
138..139,16..23,5,4 5,2 2
138..139,24..31,5,6 7,2 2
138..139,32..39,5,8 9,2 2
138..139,40..47,5,10 11,2 2
138..139,48..55,5,12 13,2 2
138..139,56..63,5,14 15,2 2
140..141,0..7,6,0 1,2 2
140..141,8..15,6,2 3,2 2
140..141,16..23,6,4 5,2 2
140..141,24..31,6,6 7,2 2
140..141,32..39,6,8 9,2 2
140..141,40..47,6,10 11,2 2
140..141,48..55,6,12 13,2 2
140..141,56..63,6,14 15,2 2
142..143,0..7,7,0 1,2 2
142..143,8..15,7,2 3,2 2
142..143,16..23,7,4 5,2 2
142..143,24..31,7,6 7,2 2
142..143,32..39,7,8 9,2 2
142..143,40..47,7,10 11,2 2
142..143,48..55,7,12 13,2 2
142..143,56..63,7,14 15,2 2
144..147,0..7,0,0,2
144..147,8..15,0,1,2
144..147,16..23,0,2,2
144..147,24..31,0,3,2
144..147,32..39,0,4,2
144..147,40..47,0,5,2
144..147,48..55,0,6,2
144..147,56..63,0,7,2
148..151,0..7,1,0,2
148..151,8..15,1,1,2
148..151,16..23,1,2,2
148..151,24..31,1,3,2
148..151,32..39,1,4,2
148..151,40..47,1,5,2
148..151,48..55,1,6,2
148..151,56..63,1,7,2
152..155,0..7,2,0,2
152..155,8..15,2,1,2
152..155,16..23,2,2,2
152..155,24..31,2,3,2
152..155,32..39,2,4,2
152..155,40..47,2,5,2
152..155,48..55,2,6,2
152..155,56..63,2,7,2
156..159,0..7,3,0,2
156..159,8..15,3,1,2
156..159,16..23,3,2,2
156..159,24..31,3,3,2
156..159,32..39,3,4,2
156..159,40..47,3,5,2
156..159,48..55,3,6,2
156..159,56..63,3,7,2
160..163,0..7,4,0,2
160..163,8..15,4,1,2
160..163,16..23,4,2,2
160..163,24..31,4,3,2
160..163,32..39,4,4,2
160..163,40..47,4,5,2
160..163,48..55,4,6,2
160..163,56..63,4,7,2
164..167,0..7,5,0,2
164..167,8..15,5,1,2
164..167,16..23,5,2,2
164..167,24..31,5,3,2
164..167,32..39,5,4,2
164..167,40..47,5,5,2
164..167,48..55,5,6,2
164..167,56..63,5,7,2
168..171,0..7,6,0,2
168..171,8..15,6,1,2
168..171,16..23,6,2,2
168..171,24..31,6,3,2
168..171,32..39,6,4,2
168..171,40..47,6,5,2
168..171,48..55,6,6,2
168..171,56..63,6,7,2
172..175,0..7,7,0,2
172..175,8..15,7,1,2
172..175,16..23,7,2,2
172..175,24..31,7,3,2
172..175,32..39,7,4,2
172..175,40..47,7,5,2
172..175,48..55,7,6,2
172..175,56..63,7,7,2
